<?xml version="1.0" encoding="UTF-8" standalone="yes"?>
<addon id="plugin.video.toonmania2" name="Toonmania2" version="0.5.2" provider-name="doko, MetalKettle">
	<requires>
		<import addon="xbmc.python" version="2.19.0"/>
		<import addon="script.module.requests" />
		<import addon="script.module.beautifulsoup4"/>
	</requires>
	<extension point="xbmc.python.pluginsource" library="Default.py">
		<provides>video</provides>
	</extension>
	<extension point="xbmc.addon.metadata">
		<summary lang="en">Toonmania2</summary>
		<description lang="en">Watch cartoons and anime from [COLOR khaki][B]Animetoon[/B][/COLOR] (www.animetoon.org) and [COLOR khaki][B]Animeplus[/B][/COLOR] (www.animeplus.tv).[CR]Go pay them a visit![CR]Add-on by doko.
		</description>
		<news>[COLOR khaki][B]Toonmania2[/B][/COLOR] - Cartoons &amp; Anime[CR][B]0.5.2:[/B][CR]- Added parsed query route.[CR][B]0.5.1:[/B][CR]- New setting: Show Search Results Group.[CR]Lets you choose if you want to see a parent group item after a name search.[CR][B]0.5.0:[/B][CR]- New search mode: your Trakt lists.[CR]- Kodi 18 support.[CR][B]0.4.6:[/B][CR]- Added Kodi Playlist support.[CR](On episode lists press LEFT to show options sidebar, select Actions: Go To Playlist)</news>
		<disclaimer lang="en"></disclaimer>
		<platform>all</platform>
		<disclaimer lang="en">The authors of this addon do not host any of the content found or have any affiliation with the content providers or the websites that it scrapes information from.</disclaimer>
	</extension>
</addon>