<?xml version="1.0" encoding="UTF-8" standalone="yes"?>
<addon id="plugin.video.toonmania2" name="Toonmania2" version="0.3.3" provider-name="doko, MetalKettle">
  <requires>
    <import addon="xbmc.python" version="2.19.0"/>
    <import addon="script.module.requests" />
    <import addon="script.module.beautifulsoup4"/>
  </requires>
  <extension point="xbmc.python.pluginsource" library="Default.py">
    <provides>video</provides>
  </extension>
  <extension point="xbmc.addon.metadata">
    <summary lang="en">Toonmania2</summary>
    <description lang="en">Watch cartoons and anime from [COLOR khaki][B]Animetoon[/B][/COLOR] (www.animetoon.org) and [COLOR khaki][B]Animeplus[/B][/COLOR] (www.animeplus.tv).[CR]Go pay them a visit![CR][CR]Add-on by doko.</description>
    <news>[COLOR khaki][B]Toonmania2[/B][/COLOR] - Cartoons &amp; Anime[CR][CR][B]0.3.3:[/B][CR]- Added layout customization, see settings[CR]- Added search results folder level[CR][CR][B]0.3.2:[/B][CR]- Added Autoplay option, see settings</news>
    <disclaimer lang="en"></disclaimer>
    <platform>all</platform>
    <disclaimer lang="en">The authors of this addon do not host any of the content found or have any affiliation with the content providers or the websites that it scrapes information from.</disclaimer>
  </extension>
</addon>